{
  "model_type": "questionnaire",
  "algorithm": "RandomForestClassifier",
  "train_metrics": {
    "accuracy": 1.0,
    "precision": 1.0,
    "recall": 1.0,
    "f1_score": 1.0,
    "confusion_matrix": [
      [
        410,
        0
      ],
      [
        0,
        153
      ]
    ]
  },
  "test_metrics": {
    "accuracy": 0.9929078014184397,
    "precision": 0.9929747089522281,
    "recall": 0.9929078014184397,
    "f1_score": 0.9928746625157825,
    "confusion_matrix": [
      [
        105,
        0
      ],
      [
        1,
        35
      ]
    ],
    "roc_auc": 0.9997354497354498,
    "roc_curve": {
      "fpr": [
        0.0,
        0.0,
        0.0,
        0.0,
        0.0,
        0.009523809523809525,
        0.009523809523809525,
        0.0761904761904762,
        0.09523809523809523,
        0.1619047619047619,
        0.18095238095238095,
        0.19047619047619047,
        0.20952380952380953,
        0.2761904761904762,
        0.29523809523809524,
        0.3047619047619048,
        0.3333333333333333,
        0.3523809523809524,
        0.38095238095238093,
        0.4,
        0.4095238095238095,
        0.4666666666666667,
        0.49523809523809526,
        0.5523809523809524,
        0.6285714285714286,
        1.0
      ],
      "tpr": [
        0.0,
        0.16666666666666666,
        0.6944444444444444,
        0.75,
        0.9722222222222222,
        0.9722222222222222,
        1.0,
        1.0,
        1.0,
        1.0,
        1.0,
        1.0,
        1.0,
        1.0,
        1.0,
        1.0,
        1.0,
        1.0,
        1.0,
        1.0,
        1.0,
        1.0,
        1.0,
        1.0,
        1.0,
        1.0
      ],
      "thresholds": [
        Infinity,
        1.0,
        0.77,
        0.75,
        0.5366666666666667,
        0.5,
        0.49,
        0.31242857142857144,
        0.31,
        0.22,
        0.2,
        0.16,
        0.15,
        0.1,
        0.09,
        0.08,
        0.07,
        0.06,
        0.05,
        0.04,
        0.03958333333333333,
        0.03,
        0.02333333333333333,
        0.02,
        0.01,
        0.0
      ]
    }
  },
  "feature_importance": {
    "A1_Score": 0.05445052095624675,
    "A2_Score": 0.043222408403280566,
    "A3_Score": 0.08112364195405102,
    "A4_Score": 0.07543249324360772,
    "A5_Score": 0.10628338801040593,
    "A6_Score": 0.1495690606766862,
    "A7_Score": 0.058992535293239154,
    "A8_Score": 0.03758377800928227,
    "A9_Score": 0.1803153787503096,
    "A10_Score": 0.04898796078455158,
    "age": 0.06142166681903651,
    "gender": 0.01467868353303809,
    "ethnicity": 0.07079324387221787,
    "jundice": 0.007371677193938869,
    "austim": 0.009773562500107913
  },
  "training_samples": 563,
  "test_samples": 141,
  "total_samples": 704
}